"stringnumber","shortname","fullname","site","edudirection","eduprogram","federaldistrict","regoin","legaladdress","submission","headname","phone","email","briefinformation","regnumber","taxpayernumber","regcode"
"1","Детский технопарк «Кванториум»","Научно-технологический парк «Фабрика» Балтийского федерального университета им. Иммануила Канта","http://kvantorium39.ru/pages/o-nas.html","Аэроквантум   IТ-квантум  Робоквантум  Нейроквантум  Биоквантум  VR/AR квантум  Лазерквантум  Энерджиквантум  Медиаквантум","авиастроение беспилотных летательных аппаратов  программирование  беспроводное аппаратное обеспечение  мехатроника  электроника  альтернативная энергетика  дополненная и виртуальная реальность  программы компьютерного зрения  систем трекинга  3D моделирования  теория нейротехнологий и нейробиологии  биотехнологии  методов цифровой обработки на 3D принтерах  станках с ЧПУ  физико-математические основы космонавтики  медиатехнологии и журналистика на телевидении  радио  в издательской сфере.","Северо-Западный","Калининградская область","ул. Гайдара  6  Калининград  Калининградская обл.  236029","  МИНИСТЕРСТВО ОБРАЗОВАНИЯ И НАУКИ РФ","Петров Сергей Васильевич","8 (4012)31-33-03","klgdkvantorium@gmail.com","Реализует распределенную модель и состоит из следующих образовательных площадок: Научно-технологический парк «Фабрика» БФУ им. И. Канта. Центр развития одаренных детей (пос. Ушаково). Калининградский областной детско-юношеский центр экологии  краеведения и туризма (ул. Ботаническая  2). Лаборатория «Инновариум» в Институте живых систем БФУ им. И. Канта (ул. Университетская  2).","1023901002949","3906019856","390601001"
"2","МАОУ ДО "Детский технопарк "Кванториум"","Муниципальное автономное образовательное учреждение дополнительного образования  "Детский технопарк "Кванториум" ","http://kvantorium35.wixsite.com/kvantorium","Робоквантум  Биоквантум  Энерджиквантум  Хай-тек цех  Айтиквантум  Виртуальная реальность  медиапублицистика  ","программирование  мехатроника  электроника  альтернативная энергетика  дополненная и виртуальная реальность  программы компьютерного зрения  систем трекинга  3D моделирования  биотехнологии  методов цифровой обработки на 3D принтерах  станках с ЧПУ  промышленное дизайн-проектирование  механика  гидравлика  акустика  оптика","Северо-Западный","Вологодская область","162602  Вологодская область  г. Череповец  ул. Сталеваров  24","МЭРИЯ ГОРОДА ЧЕРЕПОВЦА","Харзина Н. В. ","8 (820) 230-18-12  8 (8202)54 45 88","kvantorium.ch@gmail.com","3086 кв метров современного пространства  87 новейших интерактивных экспонатов  1650 единиц высокотехнологичного оборудования мировых стандартов  ежегодно более 1600 детей  более 40 реализуемых проектов","1173525024551","3528274894","352801001"
"3","Детский технопарк «Кванториум» в Технополисе «Москва»","Технополис «Москва»","https://www.technomoscow.ru/profnavigation/","Робототехника  авиация  промышленный дизайн  нанотехнологии  энергетика","авиастроение беспилотных летательных аппаратов  программирование  беспроводное аппаратное обеспечение  мехатроника  электроника  альтернативная энергетика  методы цифровой обработки на 3D принтерах  станках с ЧПУ  ","Центральный ","Г. Москва","109316  г Москва  проспект Волгоградский  42 23"," ДЕПАРТАМЕНТ НАУКИ  ПРОМЫШЛЕННОЙ ПОЛИТИКИ И ПРЕДПРИНИМАТЕЛЬСТВА г МОСКВЫ","","8 (495) 725 24 41","tehnonavigatordnpp@gmail.com"," В детском технопарке расположены научно-технические и инженерные классы  хайтек-цех с передовым оборудованием по профильным направлениям в мастерских для практических занятий и КВАНТОПАРК (Пространство для проведения презентаций  лекций и мастер-классов с использованием мультимедийного оборудования).","","",""
"4","Технопарк «Мосгормаш»","Технопарк «Мосгормаш»","http://xn--80af0abibof2e.xn--80ajqkfgik2a.xn--d1acj3b/","робототехника  геоинформатика  космонавтика","робототехника  авиация  космонавтика  геоинформатика  нанотехнологии  промышленный дизайн  энергетика","Центральный ","Г. Москва","Каширский проезд  13 стр.4"," ДЕПАРТАМЕНТ НАУКИ  ПРОМЫШЛЕННОЙ ПОЛИТИКИ И ПРЕДПРИНИМАТЕЛЬСТВА г МОСКВЫ","Пожарская Е. В.","8 (495) 225-14-14 (доб. 2126)","tehnonavigatordnpp@gmail.com","Площадь детского технопарка составляет порядка 250 кв метров  на которых смогут обучаться 360 ребят в год. При этом в рамках ознакомительных туров его смогут посещать еще не менее 2500 столичных школьников.","","",""
"5","Центр дополнительного образования детский технопарк «Кванториум»","Структурное подразделение ГБОУ ВО Московской области «Технологический университет» Центр дополнительного образования детский технопарк «Кванториум»","http://unitech-mo.ru/obrazovanie/school-divisions/kvantorium/","IТ-квантум  Наноквантум  Робоквантум  Космоквантум  Промышленный дизайн  Hi-Tech ","робототехника и роботизированные системы  нанотехнологии  космонавтика  промышленный дизайн  IТ- технологии","Центральный ","Московская область","Королев  ул. Пионерская  д. 34","МИНИСТЕРСТВО ОБРАЗОВАНИЯ МОСКОВСКОЙ ОБЛАСТИ","Федотов Дмитрий Геннадьевич"," 8 (495) 516-64-68","fedotov.dg@ut-mo.ru","Это площадка с высокотехнологичным оборудованием  где ребята смогут реализовывать свои творческие фантазии! Занятия в квантумах проходят в группах из 12 и менее детей. Сначала ученики в течение 3 месяцев осваивают вводный модуль продолжительностью 60 часов. Затем лучшие ученики составляют команды из 3-6 человек с целью создания практико-ориентированных проектов. Все разработанные командами проекты представляются на региональном уровне  а авторы лучших работ направляются на всероссийские и международные конкурсы и олимпиады. Самые лучшие проекты находят воплощение в продукции предприятий ракетно-космической отрасли  которые являются партнерами «Кванториума».","1035003350821","5018051823","501801001"
"6","Детский технопарк «Кванториум»","Структурное подразделение ГПОУ Тульский государственный машиностроительный колледж им. Никиты Демидова  ул. Революции  2","http://tgmk-tula.ru/kvantorium71/","Аэроквантум   IТ-квантум  Робоквантум","робототехника и роботизированные системы  нанотехнологии  космонавтика  промышленный дизайн  IТ- технологии","Центральный ","Тульская область","300041  Тула  ул. Революции  д. 2"," МИНИСТЕРСТВО ОБРАЗОВАНИЯ ТУЛЬСКОЙ ОБЛАСТИ","Гореликова Татьяна Владимировна","8 (4872) 56-00-93","kvantorium_tula@mail.ru","","1147154029461","7107551290","710701001"
"7","Детский технопарк Кванториум-33","Структурное подразделение ГАОУ ДПО ВО «Владимирский институт развития образования имени Л.И. Новиковой»","http://kvantorium33.ru/index.php/info","Аэроквантум   IТ-квантум  Робоквантум   Биоквантум  VR/AR квантум  Дизайн","Робототехника  микроэлектроника  информационные технологии  цифровое производство","Центральный","Владимирская область","г. Владимир  ул. Каманина  д. 30/1","ДЕПАРТАМЕНТ ОБРАЗОВАНИЯ АДМИНИСТРАЦИИ ВЛАДИМИРСКОЙ ОБЛАСТИ ","Полякова Виктория Александровна","8 (4922) 52-08-65","info@kvantorium33.ru","В составе Центра образовательной робототехники функционируют четыре лаборатории  в которых дети занимаются робототехникой и микроэлектроникой  осваивают технологии прямого цифрового производства и информационные технологии. Каждый ребенок может свободно выбрать любое из перечисленных направлений и принять участие в научно-исследовательском проекте по выбранному направлению. ","1023301284467","3327101387","332701001"
"8","Детский технопарк «Кванториум»","ГБОУ Центр поддержки одаренных детей «Стратегия»","http://kvantorium48.ru/","Аэроквантум  Геоквантум  Наноквантум  Биоквантум  It-квантум  Робоквантум","Робототехника  3D моделирование и прототипирование  Начальное техническое моделирование  Инжиниринг и изобретательская деятельность  Научно-исследовательская деятельность","Центральный","Липецкая область","398016  г. Липецк  ул. Космонавтов  20/3","УПРАВЛЕНИЕ ОБРАЗОВАНИЯ И НАУКИ ЛИПЕЦКОЙ ОБЛАСТИ  ДЕПАРТАМЕНТ ОБРАЗОВАНИЯ И НАУКИ АДМИНИСТРАЦИИ ЛИПЕЦКОЙ ОБЛАСТИ","Дегтева Лариса Ивановна ","8 (4742) 72-70-84","l.degteva@strategy48.ru","","1024800825686","4825018775","482501001"
"9","Детский технопарк «Кванториум»","ГОСУДАРСТВЕННОЕ БЮДЖЕТНОЕ УЧРЕЖДЕНИЕ ДОПОЛНИТЕЛЬНОГО ОБРАЗОВАНИЯ ВОРОНЕЖСКОЙ ОБЛАСТИ "ЦЕНТР ИНЖЕНЕРНЫХ КОМПЕТЕНЦИЙ ДЕТЕЙ И МОЛОДЕЖИ "КВАНТОРИУМ"","http://octtu-vrn.ru/","биоквантум  IT-квантум  автоквантум  робоквантум   аэроквантум","Робототехника  3D моделирование и прототипирование  Начальное техническое моделирование  Инжиниринг и изобретательская деятельность  Научно-исследовательская деятельность","Центральный","Воронежская область","394029 г. Воронеж  пр-т Труда  д. 65","ДЕПАРТАМЕНТ ОБРАЗОВАНИЯ  НАУКИ И МОЛОДЕЖНОЙ ПОЛИТИКИ ВОРОНЕЖСКОЙ ОБЛАСТИ","Коржик Илья Андреевич","958-86-310-86","octtuvrn@mail.ru","В нем будут не только классы для обучения  но и медиабиблиотека  а так же музей науки и техники. В учреждении смогут заниматься до 800 детей.","1033600029528","3663025816","366301001"
"10","Региональный детский технопарк "Кванториум" г. Белгород","Региональный детский технопарк "Кванториум" г. Белгород","http://belgorodkvantorium.ru/","биоквантум  IT-квантум  геоквантум  робоквантум   нейроквантум  наноквантум","робототехника  информатика  изучение передовых технологий в области электроники  мехатроники и программирования  конструирование и программирование роботов  проектирование  изготовление и отлаживание электронных устройств  создание сложных устройств с использованием транзисторов и микроконтроллеров  геоинформатика  прикладная космонавтика и проектирование космических и летательных аппаратов  нейротехнологии  нанотехнологии  альтернативная энергетика  дополненная и виртуальная реальность","Центральный","Белгородская область"," 308031 г. Белгород  ул. Есенина 52Б","УПРАВЛЕНИЕ ОБРАЗОВАНИЯ АДМИНИСТРАЦИИ ГОРОДА БЕЛГОРОДА ","Галеева Елена Валентиновна","8(4722)73-23-20","school50@beluo31.ru"," Создан на базе МБОУ «Средняя общеобразовательная школа № 50». На базе Технопарка осуществляют образовательную деятельность учреждения Белгородской области: 1. Государственное бюджетное учреждение дополнительного образования «Белгородский областной Центр детского (юношеского) технического творчества»  2. Муниципальное бюджетное учреждение дополнительного образования «Центр технологического образования и детского технического творчества» города Белгорода. В основе методики обучения лежат кейсовый и проектный методы  технологии изобретательской разминки и идеального конечного результата  научный эксперимент. Лучшие обучающиеся составляют команды из 3-6 человек с целью создания практико-ориентированных проектов. ","1023101686222","3125011941","312301001"
"11","Технопарк "Кванториум"","ГБОУ Детская академия творчества «Солнечный город»","http://solnechnyjgorodkbr.ru/%D0%BA%D0%B2%D0%B0%D0%BD%D1%82%D0%BE%D1%80%D0%B8%D1%83%D0%BC/","IT-квантум  Космоквантум  Наноквантум  Робоквантум  Энерджиквантум","робототехника  информатика  изучение передовых технологий в области электроники  мехатроники и программирования  конструирование и программирование роботов  проектирование  изготовление и отлаживание электронных устройств  создание сложных устройств с использованием транзисторов и микроконтроллеров  геоинформатика  прикладная космонавтика и проектирование космических и летательных аппаратов  нейротехнологии  нанотехнологии  альтернативная энергетика  дополненная и виртуальная реальность","Северо=Кавказский","Кабардино-Балкарская республика","ул. 2-й Таманской Дивизии  г.о. Нальчик  Кабардино-Балкарская респ.  360032","Министерство образования  науки и по делам молодёжи Кабардино-Балкарской Республики","Елдышев Андрей Николаевич","8 (8662) 73-53-45  8 (8662) 73-52-43","SunnyCity07@gmail.com","Особое внимание уделили созданию условий для детей с ограниченными возможностями. Пандусы есть  есть специальные комнаты обслуживающие. А комнаты сделаны сами так  что там можно будет заезжать. Подготовлены даже коляски внутри  если надо пересаживать и передвигаться по самому зданию","1160726050803","726015007","72601001"
"12","Технопарк "Кванториум"","ГБУ ДО "Республиканский центр детского (юношеского) технического творчества"","http://rctt.dod95.ru/uo/main.html","IT-Квантум  ГеоКвантум  ЭнерджиКвантум  АэроКвантум  РобоКвантум","робототехника  информатика  изучение передовых технологий в области электроники  мехатроники и программирования  конструирование и программирование роботов  проектирование  изготовление и отлаживание электронных устройств  создание сложных устройств с использованием транзисторов и микроконтроллеров  геоинформатика  прикладная космонавтика и проектирование космических и летательных аппаратов  нейротехнологии  нанотехнологии  альтернативная энергетика  дополненная и виртуальная реальность","Северо=Кавказский","Чеченская республика"," Грозный  ул. Жуковского  10","МИНИСТЕРСТВО ОБРАЗОВАНИЯ И НАУКИ ЧЕЧЕНСКОЙ РЕСПУБЛИКИ ","Ахъядов Абдул Бек-Магомедович","8 (928) 949-09-99 ","rcdutt-metod@mail.ru","Созлан на базе Республиканского центра детского (юношеского) технического творчества","1092031004086","2015044692","201501001"
"13","Кванториум 13","Структурное подразделение Государственной бюджетной организации дополнительного образования Республики Мордовия «Республиканский Центр дополнительного образования детей»","http://kvantorium13.ru/","Аэроквантум  Робоквантум  Биоквантум  Энерджиквантум  IT-квантум  Лазерквантум Хайтек цех","Робототехника  3D моделирование и прототипирование  Начальное техническое моделирование  Инжиниринг и изобретательская деятельность  Научно-исследовательская деятельность","Приволжский","Республика Мордовия","430032   Республика Мордовия  г. Саранск  ул. 1-я Набережная  дом 27","МИНИСТЕРСТВО ОБРАЗОВАНИЯ РЕСПУБЛИКИ МОРДОВИЯ","Уткина О. А.","8 (8342) 35-13-75","kvantorium13 @ gmail.com","Образовательная программа  рассчитанная на 2 года  направлена на то  чтобы научить ребенка не бояться реализовывать глобальные проекты.","1021300979083","1326176724","132601001"
"14","Технопарк "Кванториум"","АНО ДО ЦКР Детский Технопарк "Кванториум" (Ульяновск) ","http://xn--b1aqbiftj7e1a.xn--80ajqkfgik2a.xn--d1acj3b/%D0%BE-%D1%82%D0%B5%D1%85%D0%BD%D0%BE%D0%BF%D0%B0%D1%80%D0%BA%D0%B5","робоквантум  ИТ-квантум  аэроквантум  наноквантум  биоквантум","робототехника  информатика  изучение передовых технологий в области электроники  мехатроники и программирования  конструирование и программирование роботов  проектирование  изготовление и отлаживание электронных устройств  создание сложных устройств с использованием транзисторов и микроконтроллеров  геоинформатика  прикладная космонавтика и проектирование космических и летательных аппаратов  нейротехнологии  нанотехнологии  альтернативная энергетика  дополненная и виртуальная реальность","Приволжский","Ульяновская область","432067  Ульяновск  Туполева проспект  7"," МИНИСТЕРСТВО ПРОМЫШЛЕННОСТИ И ТРАНСПОРТА УЛЬЯНОВСКОЙ ОБЛАСТИ ","Павлов В.В.","8 (8422)30-29-00","kvantorium73@gmail.com","Планируемый охват обучающихся по бесплатным дополнительным общеобразовательным программам  — 1050 человек в год.","1107300001203","7327057375","732501001"
"15","Детский технопарк "Кванториум"","МУНИЦИПАЛЬНОЕ АВТОНОМНОЕ ОБРАЗОВАТЕЛЬНОЕ УЧРЕЖДЕНИЕ ДОПОЛНИТЕЛЬНОГО ОБРАЗОВАНИЯ "ДВОРЕЦ ДЕТСКОГО (ЮНОШЕСКОГО) ТВОРЧЕСТВА" МУНИЦИПАЛЬНОГО ОБРАЗОВАНИЯ ГОРОДА ЧЕБОКСАРЫ","http://www.chebddut.ru/kompleks/kvantorium/index.html","робоквантум  ИТ-квантум  аэроквантум  наноквантум  биоквантум","в области электроники  мехатроники и прикладного программирования  формирование навыков конструирования моделей роботов  проектирования современных систем управления мобильными роботами  биотехнология  микробиология","Приволжский","Чувашская республика","428000 г. Чебоксары  Президентский бульвар  д.14.","УПРАВЛЕНИЕ ОБРАЗОВАНИЯ АДМИНИСТРАЦИИ ГОРОДА ЧЕБОКСАРЫ ","Петрова Г.А.","8 (8352) 62-39-02","ddut-kvant@mail.ru","","1022101136155","2128024030","213001001"
"16","Детский технопарк "Кванториум"","Детский технопарк «Кванториум»   г. Альметьевск","https://www.almetkvantorium.com/","IT-квантум  промышленный дизайн  робоквантум   нейроквантум  наноквантум","робототехника  информатика  изучение передовых технологий в области электроники  мехатроники и программирования  конструирование и программирование роботов  проектирование  изготовление и отлаживание электронных устройств  создание сложных устройств с использованием транзисторов и микроконтроллеров  геоинформатика  прикладная космонавтика и проектирование космических и летательных аппаратов  нейротехнологии  нанотехнологии  альтернативная энергетика  дополненная и виртуальная реальность","Приволжский","Республика Татарстан","423450  г. Альметьевск  Тимирязева  20","","Закиров Рамиль Замирович","8 (855) 338-68-98","","один из самых больших кванториумов России -общая площадь 2500 кв. метров","","",""
"17","Детский технопарк "Кванториум"","МАУ ДО Центр детского (юношеского) технического творчества Нижнекамского муниципального района Республики Татарстан","https://vk.com/kvantnk"," Наноквант  Нейроквант  Геоквант  Робоквант  Энерджиквант  Hi-Tech  Промдизайн.","робототехника  информатика  изучение передовых технологий в области электроники  мехатроники и программирования  конструирование и программирование роботов  проектирование  изготовление и отлаживание электронных устройств  создание сложных устройств с использованием транзисторов и микроконтроллеров  геоинформатика  прикладная космонавтика и проектирование космических и летательных аппаратов  нейротехнологии  нанотехнологии  альтернативная энергетика  дополненная и виртуальная реальность","Приволжский","Республика Татарстан","Ахтубинская ул.  4  Нижнекамск  Респ. Татарстан  423575","ИСПОЛНИТЕЛЬНЫЙ КОМИТЕТ НИЖНЕКАМСКОГО МУНИЦИПАЛЬНОГО РАЙОНА РЕСПУБЛИКИ ТАТАРСТАН ","Кирпичонок М. А.","42-80-14"," cttnk@mail.ru","на базе Нефтехимического инжинирингового центра КНИТУ ","1021602511490","1651030102","165101001"
"18","Детский технопарк "Кванториум"","Детский технопарк "Кванториум"","http://kvantorium.ru/tehnopark/kvantorium/","наноквантум  космоквантум  нейроквантум  геоквантум  авиаквантум  автоквантум  робоквантум  электроника","физико-математических основ космонавтики  электротехники  радиотехники  электроники и фотоники  конструирование малых искусственных спутников Земли  лазерной технологии  изучение малой беспилотной авиации  изучение передовых технологий в области электроники  мехатроники и программирования  конструирование и программирование роботов  проектирование  изготовление и отлаживание электронных устройств  создание сложных устройств с использованием транзисторов и микроконтроллеров  работа с дистанционным зондированием Земли  обучение картографии и проектированию виртуальных карт местности","Приволжский","Республика Татарстан","Машиностроительная ул.  91-а  Набережные Челны  Респ. Татарстан  423824"," ПУБЛИЧНОЕ АКЦИОНЕРНОЕ ОБЩЕСТВО "КАМАЗ"   ГОСУДАРСТВЕННОЕ АВТОНОМНОЕ УЧРЕЖДЕНИЕ "ТЕХНОПАРК В СФЕРЕ ВЫСОКИХ ТЕХНОЛОГИЙ "ИТ-ПАРК" ","Фукина Ю.К.","8 (8552) 409-180","","На постоянной основе обучается 460 школьников 5 - 11 классов города Набережные Челны. Ежегодно в рамках мастер классов и экскурсий образовательными программами Кванториума охвачены 1700 детей.","1161690061664","1650324050","165001001"
"19","Детский технопарк "Кванториум"","МУНИЦИПАЛЬНОЕ БЮДЖЕТНОЕ УЧРЕЖДЕНИЕ ДОПОЛНИТЕЛЬНОГО ОБРАЗОВАНИЯ "ДЕТСКО-ЮНОШЕСКИЙ ЦЕНТР "ПРОМЕТЕЙ"","http://www.86prometey.edusite.ru/","IT-квантум  робоквантум  легоквантум","робототехника  информатика  изучение передовых технологий в области электроники  мехатроники и программирования  конструирование и программирование роботов  проектирование  изготовление и отлаживание электронных устройств  создание сложных устройств с использованием транзисторов и микроконтроллеров  ","Уральский","Ханты-Мансийский автономный округ-Югра","628260  Тюменская область  Ханты -Мансийский автономный округ -Югра  город Югорск  улица Менделеева  дом 30","Управление образования администрации города Югорска","Сердюк Любовь Викторовна","8 (34675) 7-79-60","prometei_ugr@mail.ru","Детский технопарк «Кванториум» в Югорске открылся 1 ноября 2016 года на базе Учебно-производственного центра компании «Газпром трансгаз Югорск»","1028601846008","8622000480","862201001"
"20","Детский технопарк "Кванториум"","АВТОНОМНОЕ УЧРЕЖДЕНИЕ ХАНТЫ-МАНСИЙСКОГО АВТОНОМНОГО ОКРУГА - ЮГРЫ "РЕГИОНАЛЬНЫЙ МОЛОДЕЖНЫЙ ЦЕНТР"","http://kvantorium86.ru","автоквантум  космоквантум  датаквантум  IT-квантум  аэроквантум  нейроквантум  наноквантум  робоквантум","робототехника  информатика  изучение передовых технологий в области электроники  мехатроники и программирования  конструирование и программирование роботов  проектирование  изготовление и отлаживание электронных устройств  создание сложных устройств с использованием транзисторов и микроконтроллеров  геоинформатика  прикладная космонавтика и проектирование космических и летательных аппаратов  нейротехнологии  нанотехнологии","Уральский","Ханты-Мансийский автономный округ-Югра","628011  Ханты-Мансийский автономный округ – Югра   г. Ханты-Мансийск  ул. Студенческая  29","Департамент образования и молодежной политики Ханты-Мансийского автономного округа-Югры","Сакаро А.А.","8 (905)829 55 57","kvantorium86@gmail.com","","1088601001444","8601035637","860101001"
"21","АНО ДТ "КРАСНОЯРСКИЙ КВАНТОРИУМ"","Автономная некоммерческая организация "Красноярский детский технопарк "Кванториум"","http://kvantoriumkrsk.ru/#3","Робоквантум  аэроквантум  космоквантум  IT-квантум  наноквантум  энерджиквантум  промышленный дизайн  VR/AR квантум","робототехника  информатика  изучение передовых технологий в области электроники  мехатроники и программирования  конструирование и программирование роботов  проектирование  изготовление и отлаживание электронных устройств  создание сложных устройств с использованием транзисторов и микроконтроллеров  геоинформатика  прикладная космонавтика и проектирование космических и летательных аппаратов  нейротехнологии  нанотехнологии  альтернативная энергетика  дополненная и виртуальная реальность","Сибирский","Красноярский край","660041  Красноярский кр  город Красноярск  проспект Свободный  дом 75  ПОМЕЩЕНИЕ 10","АГЕНТСТВО НАУКИ И ИННОВАЦИОННОГО РАЗВИТИЯ КРАСНОЯРСКОГО КРАЯ  КРАСНОЯРСКИЙ РЕГИОНАЛЬНЫЙ ИННОВАЦИОННО-ТЕХНОЛОГИЧЕСКИЙ БИЗНЕС-ИНКУБАТОР","Кениг С. Р."," (391) 257-37-97","technopark24@bk.ru","","1172468010021","2463106512","246301001"
"22","Детский технопарк "Кванториум"","АВТОНОМНАЯ НЕКОММЕРЧЕСКАЯ ОРГАНИЗАЦИЯ ДОПОЛНИТЕЛЬНОГО ОБРАЗОВАНИЯ "ДЕТСКИЙ ТЕХНОПАРК "КВАНТОРИУМ"","http://kvantoriumtomsk.ru/","Аэроквантум  IT-квантум  геоквантум  VR/AR квантум  биоквантум  робоквантум  промышленный дизайн  космоквантум","робототехника  информатика  изучение передовых технологий в области электроники  мехатроники и программирования  конструирование и программирование роботов  проектирование  изготовление и отлаживание электронных устройств  создание сложных устройств с использованием транзисторов и микроконтроллеров  геоинформатика  прикладная космонавтика и проектирование космических и летательных аппаратов  нейротехнологии  нанотехнологии  альтернативная энергетика  дополненная и виртуальная реальность","Сибирский","Томская область","634028  г. Томск  пр. Ленина  26","ДЕПАРТАМЕНТ ОБЩЕГО ОБРАЗОВАНИЯ ТОМСКОЙ ОБЛАСТИ ","Дмитриев И.В.","(999) 495-53-70","tomkvantorium@gmail.com","В Томском технопарке на площади около 900 квадратных метров разместились учебные помещения квантумов  HiTech-цех и коворкинг-пространство. Образование в «Кванториуме» носит проектный характер с переходом от выполнения учебных кейсов к решению реальных производственных задач по заказу предприятий. Технопарк оснащен высокотехнологичным оборудованием от конструкторов по различным направлениям до профессионального оборудования: квадрокоптеров  3D-принтеров  фрезерных и лазерных станков  гидропонной установки и биогенетической лаборатории.","1167000050601","7017407566","701701001"
"23","Детский технопарк Алтайского края «Кванториум»","КРАЕВОЕ ГОСУДАРСТВЕННОЕ БЮДЖЕТНОЕ ОБЩЕОБРАЗОВАТЕЛЬНОЕ УЧРЕЖДЕНИЕ "АЛТАЙСКИЙ КРАЕВОЙ ПЕДАГОГИЧЕСКИЙ ЛИЦЕЙ-ИНТЕРНАТ"","http://kvant22.ru/","аэроквантум  IT-квантум  геоквантум  VR/AR квантум  биоквантум  робоквантум  геоквантум  космоквантум  HI-TECH цех","робототехника  информатика  изучение передовых технологий в области электроники  мехатроники и программирования  конструирование и программирование роботов  проектирование  изготовление и отлаживание электронных устройств  создание сложных устройств с использованием транзисторов и микроконтроллеров  геоинформатика  прикладная космонавтика и проектирование космических и летательных аппаратов  нейротехнологии  нанотехнологии  альтернативная энергетика  дополненная и виртуальная реальность","Сибирский","Алтайский край","г. Барнаул  ул.Папаницев  113. ","МИНИСТЕРСТВО ОБРАЗОВАНИЯ И НАУКИ АЛТАЙСКОГО КРАЯ ","Муратов А. Ю.","8 (3852)22-63-14"," info@kvant22.ru","В команду детского технопарка Алтайского края входят педагоги и ученые Алтайского края  которые представляют организации высшего  основного и дополнительного образования. Все преподаватели успешно прошли повышение квалификации в г. Москва  сертифицированы федеральным оператором сети детских технопарков «Кванториум».","1022200907794","2221008178","222501001"
"24","МОУ ДО Детский технопарк «Кванториум» г. Комсомольска-на-Амуре»","МОУ ДО Детский технопарк «Кванториум» г. Комсомольска-на-Амуре» ","http://kvantorium-kms.ru/","робоквантум  аэроквантум  биоквантум  IT-квантум  наноквантум  наноквантум  космоквантум","робототехника  информатика  изучение передовых технологий в области электроники  мехатроники и программирования  конструирование и программирование роботов  проектирование  изготовление и отлаживание электронных устройств  создание сложных устройств с использованием транзисторов и микроконтроллеров  геоинформатика  прикладная космонавтика и проектирование космических и летательных аппаратов  нейротехнологии  нанотехнологии  альтернативная энергетика  дополненная и виртуальная реальность","Дальневосточный","Хабаровский край","681000  Хабаровский край  г. Комсомольск-на-Амуре  ул. Пионерская  15 — 1 корпус","АДМИНИСТРАЦИЯ ГОРОДА КОМСОМОЛЬСКА-НА-АМУРЕ","Чайка А. Н.","8 (4217) 59?07?16","","В «Кванториуме» юные комсомольчане будут обучаться по общеразвивающим программам с использованием новейшего инновационного оборудования. Как пояснили сотрудники Технопарка  вся техника — 3D-принтеры  фрезерные станки с ЧПУ  интерфейсы для нейропилотирования  разнообразные конструкторы и так далее — абсолютно новая. Детский Технопарк «Кванториум» в Комсомольске расположился в здании эколого-биологического Центра. ","1032700032661","2703007691","270301001"
"25","Республиканский детский технопарк Кванториум ","Республиканский детский технопарк Кванториум на базе Государственного бюджетного  учреждения дополнительного образования Республики Хакасия «Республиканский центр дополнительного образования»","http://rcdo19.ru/","Робоквантум  аэроквантум  автоквантум  IT-квантум  геоквантум  биоквантум  промышленный дизайн  VR/AR квантум  Hi-Tech","авиастроение беспилотных летательных аппаратов  программирование   мехатроника  электроника  альтернативная энергетика  дополненная и виртуальная реальность  программы компьютерного зрения  систем трекинга  3D моделирования  биотехнологии  методы цифровой обработки на 3D принтерах  станках с ЧПУ  физико-математические основы космонавтики  медиатехнологии ","Сибирский","Республика Хакасия","655002  Республика Хакасия  г. Абакан  ул. Саралинская  д. 26","МИНИСТЕРСТВО ОБРАЗОВАНИЯ И НАУКИ РХ","Жукова Г. П.","8 (3902) 202-901","rcdod@rambler.ru","В каждом подразделении дети занимаются своим видом деятельности. Так  в IT-квантуме программируют и учатся защищать данные в Интернете  в биоквантуме изучают микробиологию и биотехнологии  в аэроквантуме знакомятся с созданием беспилотных летательных аппаратов. Сама идея кванториумов в том  что дети  играя  изучают передовые технологии и учатся применять теоретические измышления на практике. При этом совсем не обязательно «прописываться» в одном квантуме. При желании  легко перейти в другой и в третий  выбрав то направление  которое больше всего увлекает. Конечно  дети не сами по себе будут изучать новую информацию  а под руководством опытных преподавателей ведущих вузов и видных экспертов в своей отрасли.","1021900521290","1901016632","190101001"
"26","Детский технопарк "Кванториум"","ГАУ ДО Дворец творчества и спорта «Пионер»","http://kvantorium-tyumen.ru/","Робоквантум  аэроквантум  автоквантум  IT-квантум  геоквантум  биоквантум  промышленный дизайн  нейроквантум","робототехника  информатика  изучение передовых технологий в области электроники  мехатроники и программирования  конструирование и программирование роботов  проектирование  изготовление и отлаживание электронных устройств  создание сложных устройств с использованием транзисторов и микроконтроллеров   нанотехнологии  дополненная и виртуальная реальность","Уральский","Тюменская область","г. Тюмень  ул. Геологоразведчиков  6 а","ДЕПАРТАМЕНТ ПО ОБЩЕСТВЕННЫМ СВЯЗЯМ  КОММУНИКАЦИЯМ И МОЛОДЕЖНОЙ ПОЛИТИКЕ ТЮМЕНСКОЙ ОБЛАСТИ "," Александр Руденко","8 (3452) 29-03-31","support@kvantorium-tyumen.ru","Открылся на базе Центра науки  экологии и техники дворца «Пионер». квота учащихся составит 800–1000 человек  набор начнется с 1 ноября 2017.","1077203065587","7204119286","720301001"
"27",""Кванториум Башкортостана"","ГОСУДАРСТВЕННОЕ БЮДЖЕТНОЕ УЧРЕЖДЕНИЕ ДОПОЛНИТЕЛЬНОГО ОБРАЗОВАНИЯ РЕСПУБЛИКАНСКИЙ ДЕТСКИЙ ОБРАЗОВАТЕЛЬНЫЙ ТЕХНОПАРК","http://rtekhnopark.wixsite.com/rdot/o-nas","Аэрокосмическая школа  Автоконструирование  Компьютерная графика и анимация  Программирование и IT- технологии  Графический дизайн и 3D- моделирование  Клуб «Авиатор»  Лаборатория электроники и робототехники ","Роботы  квадрокоптеры  3д-моделирование  системное администрирование  мехатроника и прототипирование","Приволжский","Республика Башкортостан","450077  Россия  Башкортостан  город Уфа  ул. Кирова  дом 43"," МИНИСТЕРСТВО ОБРАЗОВАНИЯ РЕСПУБЛИКИ БАШКОРТОСТАН  МИНИСТЕРСТВО ИМУЩЕСТВЕННЫХ ОТНОШЕНИЙ РЕСПУБЛИКИ БАШКОРТОСТАН ","Семёнова Оксана Евгеньевна","8 (347) 273-39-86","rtekhnopark@mail.ru","Первые две площадки в Уфе располагаются на базе Республиканского детского образовательного технопарка и в «Гагарин-центре»  третья в г. Благовещенск. 1 центр рассчитан в среднем на 500 человек","1020202555603","274072720","27401001"
"28","Детский технопарк Кванториум ","Структурное подразделение ГАУ ДО РК дополнительного образования Детский технопарк Кванториум ","http://rcdokomi.ru/","робоквантум  автоквантум  аэроквантум  биоквантум  энерджиквантум  медиаквантум   hi-tech цех","авиастроение беспилотных летательных аппаратов  программирование   мехатроника  электроника  альтернативная энергетика  дополненная и виртуальная реальность  программы компьютерного зрения  систем трекинга  3D моделирования  биотехнологии  методы цифровой обработки на 3D принтерах  станках с ЧПУ  физико-математические основы космонавтики  медиатехнологии ","Северо-Западный","Республика Коми","Республика Коми  Сыктывкар  улица Коммунистическая  3"," МИНИСТЕРСТВО ОБРАЗОВАНИЯ НАУКИ И МОЛОДЕЖНОЙ ПОЛИТИКИ РЕСПУБЛИКИ КОМИ ","Арабова Н.В.","8212 24 10 48","rcdo@minobr.rkomi.ru","Дополнительно будет работать "Юный квант" - школа будущего инженера для детей от четырех до семи лет. Второе уникальное направление – отдельный класс теоретической подготовки по изучению правил дорожного движения. Это направление будет дополнено специальной автомашиной с мобильным автогородком. Преподаватель будет курсировать по республике и обучать местных детей ПДД. Класс автоквантума стилизован под гараж  с аутентичными лампами и граффити на стене. Там же есть настоящие двигатели  которые дети смогут разобрать-собрать.","1021100508131","1101481870","110101001"
"29","Кванториум - 63 регион","ГОСУДАРСТВЕННОЕ БЮДЖЕТНОЕ ОБРАЗОВАТЕЛЬНОЕ УЧРЕЖДЕНИЕ ДОПОЛНИТЕЛЬНОГО ОБРАЗОВАНИЯ САМАРСКОЙ ОБЛАСТИ "САМАРСКИЙ ОБЛАСТНОЙ ЦЕНТР ДЕТСКО-ЮНОШЕСКОГО ТЕХНИЧЕСКОГО ТВОРЧЕСТВА"","http://xn--63-6kch5ajrgjuup.xn--p1ai/","аэроквантум  VR-квантум   IT-квантум  космоквантум  робоквантум  ","авиастроение беспилотных летательных аппаратов  программирование   мехатроника  электроника  дополненная и виртуальная реальность  программы компьютерного зрения  систем трекинга  3D моделирования  биотехнологии  методы цифровой обработки на 3D принтерах  станках с ЧПУ  физико-математические основы космонавтики  медиатехнологии ","Приволжский","Самарская область","443056 Самара  пр-т Масленникова  37","МИНИСТЕРСТВО ОБРАЗОВАНИЯ И НАУКИ САМАРСКОЙ ОБЛАСТИ   МИНИСТЕРСТВО ИМУЩЕСТВЕННЫХ ОТНОШЕНИЙ САМАРСКОЙ ОБЛАСТИ ","Трещанин М. И."," 8 (846) 952-76-49","kvantorium63@gmail.com","","1026301713789","6319077746","631901001"
"30","Кванториум - 63 регион","ГОСУДАРСТВЕННОЕ БЮДЖЕТНОЕ ОБРАЗОВАТЕЛЬНОЕ УЧРЕЖДЕНИЕ ДОПОЛНИТЕЛЬНОГО ОБРАЗОВАНИЯ САМАРСКОЙ ОБЛАСТИ "САМАРСКИЙ ОБЛАСТНОЙ ЦЕНТР ДЕТСКО-ЮНОШЕСКОГО ТЕХНИЧЕСКОГО ТВОРЧЕСТВА"","http://xn--63-6kch5ajrgjuup.xn--p1ai/"," IT-квантум  робоквантум  автоквантум  наноквантум  промышленный дизайн ","авиастроение беспилотных летательных аппаратов  программирование   мехатроника  электроника  3D моделирования   методы цифровой обработки на 3D принтерах  станках с ЧПУ  физико-математические основы космонавтики","Приволжский","Самарская область","Тольятти  Южное шоссе  д. 161","МИНИСТЕРСТВО ОБРАЗОВАНИЯ И НАУКИ САМАРСКОЙ ОБЛАСТИ   МИНИСТЕРСТВО ИМУЩЕСТВЕННЫХ ОТНОШЕНИЙ САМАРСКОЙ ОБЛАСТИ ","Трещанин М. И."," 8 (846) 952-76-49","kvantorium@tgl.net.ru","","1026301713789","6319077746","631901001"
"31","Детский технопарк "Кванториум"","Структурное подразделение АУ Региональный центр информатизации и оценки качества образования","http://kvant18.ru/ ","робоквантум  IT-квантум  аэроквантум  общетехнический  промышленный дизайн  HI-TECH цех  VR/AR квантум  предкванториум","авиастроение беспилотных летательных аппаратов  программирование   мехатроника  электроника  3D моделирования   методы цифровой обработки на 3D принтерах  станках с ЧПУ  физико-математические основы космонавтики","Приволжский","Удмуртская республика","426057  Удмуртская Республика  г. Ижевск  ул. Ленина  16 "," МИНИСТЕРСТВО ОБРАЗОВАНИЯ И НАУКИ УДМУРТСКОЙ РЕСПУБЛИКИ ","Давыдова С. М.","8 (3412) 311-200 "," rcit@obr18.ru ","Для детей младшего возраста будут разработаны программы «Предкванториума»  которые в данное время в стадии разработки и согласования.","1111841008828","1841019516","184101001"
"32","Технопарк "Кванториум"","ГАУДО МО Мурманский областной центр дополнительного образования «Лапландия»","http://kvantorium51.org","робоквантум  IT-квантум  геоквантум  биоквантум  промышленный дизайн  HI-TECH цех","авиастроение беспилотных летательных аппаратов  программирование   мехатроника  электроника  3D моделирования   методы цифровой обработки на 3D принтерах  станках с ЧПУ  физико-математические основы космонавтики","Северо-Западный","Мурманская область","183031  г. Мурманск  пр-т Героев-Североморцев  д. 2","МИНИСТЕРСТВО ОБРАЗОВАНИЯ И НАУКИ МУРМАНСКОЙ ОБЛАСТИ ","Сагайдачная В.В.","8 (8152) 43-49-69","kvantorium51@laplandiya.org","В квантопарке детского технопарка «Кванториум» есть многофункциональные помещения: лекторий  оснащенный мультимедийной техникой для проведения семинаров  лекций  коллоквиумов и других форм лекционной деятельности  в том числе онлайн-конференций  открытые и закрытые площадки для тестирования устройств и механизмов (трехэтажное фойе  крытый бассейн  прилегающая территория для испытания образцов техники).","1085190009079","5190187040","519001001"
"33"," Кванториум «Сампо»","Детский технопарк кванториум «Сампо»  ГБОУ ДО Ресурсный центр развития дополнительного образования","http://rovesnik.karelia.ru/index.php?option=com_zoo&view=category&layout=category&Itemid=300","аэроквантум  робоквантум  геоквантум  IT-квантум  энерджиквантум  промышленный дизайн","авиастроение беспилотных летательных аппаратов  программирование   мехатроника  электроника  3D моделирования   методы цифровой обработки на 3D принтерах  станках с ЧПУ  физико-математические основы космонавтики","Северо-Западный","Республика Карелия","185035  Республика Карелия  г. Петрозаводск  ул. Крупской  д. 12","Министерства образования Республики Карелия","Фомичев Я.В."," 8 (8142) 77-49-08","youthcentr@mail.ru","ежегодное обучение 800 детей Карелии на бесплатной основе","1051000023073","1001049089","100101001"
"34","Кванториум 76","Ярославская область Структурное подразделение ГАОУ ДО Центр детско-юношеского технического творчества","http://kvantorium.edu.yar.ru/","аэроквантум  робоквантум  IT-квантум  энерджиквантум  наноквантум  HI-TECH цех","авиастроение беспилотных летательных аппаратов  программирование   мехатроника  электроника  3D моделирования   методы цифровой обработки на 3D принтерах  станках с ЧПУ  физико-математические основы космонавтики","Центральный","Ярославская область","Ярославская область г. Рыбинск ул. Крестовая д.133"," АДМИНИСТРАЦИЯ ГОРОДСКОГО ОКРУГА ГОРОД РЫБИНСК ","Талова Т.М."," 8(4852)329710","kvantorium76@mail.ru","","1027601113396","7610051175","761001001"
"35","Детский технопарк "Дружба""," ОГБУ ДО РЦДО Детский технопарк «Кванториум «Дружба»","http://www.crtdiu.ru/administratsiya/","робоквантум  аэроквантум   промышленный дизайн   итквантум  наноквантум ","авиастроение беспилотных летательных аппаратов  программирование   мехатроника  электроника  3D моделирования   методы цифровой обработки на 3D принтерах  станках с ЧПУ  физико-математические основы космонавтики","Центральный","Рязанская область"," 390000 г. Рязань  ул. Свободы  дом 65","МИНИСТЕРСТВО ИМУЩЕСТВЕННЫХ И ЗЕМЕЛЬНЫХ ОТНОШЕНИЙ РЯЗАНСКОЙ ОБЛАСТИ  МИНИСТЕРСТВО ОБРАЗОВАНИЯ РЯЗАНСКОЙ ОБЛАСТИ","Егорова В.В."," 8 (4912) 25-28-15","centrtvor@mail.ru","на базе технопарка будут заниматься более 800 юных жителей региона.","1106234000894","6234076743","623401001"
"36","Кванториум НЭЛ","Пензенская область Автономная некоммерческая организация дополнительного образования «Кванториум НЭЛ» ","http://xn--80ajgxi.xn--80ajqkfgik2a.xn--d1acj3b/%D0%BC%D0%B5%D1%82%D0%BA%D0%B8/%D0%BA%D0%B2%D0%B0%D0%BD%D1%82%D0%BE%D1%80%D0%B8%D1%83%D0%BC","робоквантум  IT-квантум  наноквант   биоквантум  промышленный дизайн  HI-TECH цех","авиастроение беспилотных летательных аппаратов  программирование   мехатроника  электроника  3D моделирования   методы цифровой обработки на 3D принтерах  станках с ЧПУ  физико-математические основы космонавтики","Приволжский","Пензенская область","Пенза  ул. Центральная  1В  Технопарк «Рамеев»  блок 1А"," ДЕПАРТАМЕНТ ГОСУДАРСТВЕННОГО ИМУЩЕСТВА ПЕНЗЕНСКОЙ ОБЛАСТИ  МИНИСТЕРСТВО ОБРАЗОВАНИЯ ПЕНЗЕНСКОЙ ОБЛАСТИ ","Тимирбаев Д.Ф.","","","Кванториум НЭЛ» расположился в технопарке «Рамеев». 800 ребят станут заниматься научной деятельностью и творчеством.","1175800000639","5837069945","583701001"
"37","Детский технопарк "Кванториум"","Тамбовское областное государственное бюджетное образовательное учреждение дополнительного образования «Центр развития творчества детей и юношества»","http://dopobr.68edu.ru/structure/otdel-nauchno-texnicheskoj-deyatelnosti/detskij-texnopark-kvantorium-tambov","робоквантум  IT-квантум  лазерквантум  космоквантум  промышленный дизайн","авиастроение беспилотных летательных аппаратов  программирование   мехатроника  электроника  3D моделирования   методы цифровой обработки на 3D принтерах  станках с ЧПУ  физико-математические основы космонавтики","Центральный","Тамбовская область","Тамбов  ул. Державинская  д.10","УПРАВЛЕНИЕ ОБРАЗОВАНИЯ И НАУКИ ТАМБОВСКОЙ ОБЛАСТИ ","Трунов Д.В.","8 (4752)72-13-71","tmb-dopobr@yandex.ru","Ожидается  что ежегодно в технопарке будут обучать по дополнительным общеобразовательным программам минимум 800 детей. Возраст учеников – от пяти до 18 лет.","1116829008670","6829078627","682901001"
"38","Кванториум Ставрополь","Ставропольский край Центр «Кванториум «Ставрополь»  Структурное подразделение ГУП «Корпорации развития Ставропольского края»","http://stavkvantorium.ru/","робоквантум  биоквантум  геоквантум  энерджиквантум  IT-квантум  HI-TECH цех ","авиастроение беспилотных летательных аппаратов  программирование   мехатроника  электроника  3D моделирования   методы цифровой обработки на 3D принтерах  станках с ЧПУ  физико-математические основы космонавтики  альтернативная энергетика","Северо=Кавказский","Ставропольский край","Ставропольский край  Шпаковский район  г. Михайловск  ул. Привокзальная  3","МИНИСТЕРСТВО ЭКОНОМИЧЕСКОГО РАЗВИТИЯ СТАВРОПОЛЬСКОГО КРАЯ ","Ларина Т.В.","8 (8652) 33-33-83","info@stavkvantorium.ru","","1092635015956","2634088104","262301001"
"39","Детский технопарк "Кванториум"","Детский технопарк "Кванториум"","http://xn--80aaaa2chc7eta.xn--80ajqkfgik2a.xn--d1acj3b/","IT-квантум  робоквантум  аэроквантум  VR/AR-квантум  промдизайнквантум  Hi-Tech цех","авиастроение беспилотных летательных аппаратов  программирование   мехатроника  электроника  3D моделирования   методы цифровой обработки на 3D принтерах  станках с ЧПУ  физико-математические основы космонавтики  дополненная и виртуальная реальность","Северо=Кавказский","Республики Дагестан","г. Махачкала  ул. М.Омарова  д. 3","Министерство образования и науки Республики Дагестан","","8 909 480-69-66","marat901@bk.ru","","","",""
